{"base_files_url": "https://raw.githubusercontent.com/davewongillies/MiSTer_Utils_Natrox/0298920c99ce2ceb1a4570a1539ec29e372d5c71/", "db_id": "MiSTer_Utils_Natrox", "db_url": "https://raw.githubusercontent.com/davewongillies/MiSTer_Utils_Natrox/db/db.json.zip", "files": {"Scripts/auto_downclock.sh": {"hash": "365d176a9b7aefa08cb3eb6534ad7e2a", "size": 2363, "tags": [22, 23]}, "Scripts/migrate_sd.sh": {"hash": "db54a8026ba93631e7819a1193905384", "size": 14719, "tags": [22, 24]}, "Scripts/psx_chd_organize.sh": {"hash": "71c5cb3e45e5e9a1506497521d2c4753", "size": 337, "tags": [22, 25]}}, "folders": {"Scripts": {"tags": [22]}}, "tag_dictionary": {"autodownclock": 23, "migratesd": 24, "psxchdorganize": 25, "scripts": 22}, "timestamp": 1751859646}